branch,input_ng,rt_bin,phospho_sum_mean
classic,10,4.25,4907.526365488768
classic,10,4.75,67556.60844409466
classic,10,5.25,143709.06441795826
classic,10,5.75,106604.4397034049
classic,10,6.25,41921.6466563642
classic,10,6.75,54581.66610229015
classic,10,7.25,28518.37026873231
classic,10,7.75,44683.1352699399
classic,10,8.25,22550.594055593014
classic,10,8.75,31807.35418367386
classic,10,9.25,57333.2397004962
classic,10,9.75,46278.00079271197
classic,10,10.25,35670.84332212806
classic,10,10.75,25442.883387506008
classic,10,11.25,33092.85683748126
classic,10,11.75,37891.983278393745
classic,10,12.25,77754.3921481967
classic,10,12.75,75490.29088622332
classic,10,13.25,39405.56285107136
classic,10,13.75,15911.145082473755
classic,10,14.25,8848.186543941498
classic,10,14.75,394.0754132270813
classic,20,4.25,15836.45027512312
classic,20,4.75,178901.19740864635
classic,20,5.25,362362.1814851463
classic,20,5.75,277810.763104558
classic,20,6.25,166638.64992910624
classic,20,6.75,184413.8946417868
classic,20,7.25,98784.76667681336
classic,20,7.75,124709.80651909113
classic,20,8.25,82596.8912885189
classic,20,8.75,111674.07349455357
classic,20,9.25,132141.99851551652
classic,20,9.75,107061.36095941067
classic,20,10.25,75760.61734881997
classic,20,10.75,76445.02450481057
classic,20,11.25,78694.6742053926
classic,20,11.75,86433.02010023594
classic,20,12.25,172074.10259526968
classic,20,12.75,194130.775916636
classic,20,13.25,111675.35013011098
classic,20,13.75,60303.277465462685
classic,20,14.25,34378.925620526075
classic,20,14.75,2742.0480195879936
classic,20,15.25,88.20987272262573
classic,50,4.25,129066.83475473523
classic,50,4.75,700684.6703905463
classic,50,5.25,1247111.3451435268
classic,50,5.75,978759.6067879498
classic,50,6.25,543632.8411771357
classic,50,6.75,737827.7849693298
classic,50,7.25,452306.247874856
classic,50,7.75,494336.7734499872
classic,50,8.25,405420.74386766553
classic,50,8.75,464241.1259598434
classic,50,9.25,520165.21223446727
classic,50,9.75,512207.51000157
classic,50,10.25,393504.4406581521
classic,50,10.75,329814.7563486397
classic,50,11.25,331717.4179806709
classic,50,11.75,382134.24243322015
classic,50,12.25,553445.0891360939
classic,50,12.75,559302.5860540569
classic,50,13.25,395104.907708019
classic,50,13.75,231485.46090608835
classic,50,14.25,89178.46492487192
classic,50,14.75,18224.472614467144
classic,50,15.25,1933.2647858262062
classic,100,4.25,93996.85658320785
classic,100,4.75,932916.4177690744
classic,100,5.25,2136216.7515043616
classic,100,5.75,1800582.1885803044
classic,100,6.25,1159609.1166674793
classic,100,6.75,1410584.0983471572
classic,100,7.25,924141.3395942152
classic,100,7.75,1150167.1229017675
classic,100,8.25,958966.990757674
classic,100,8.75,971674.9167333841
classic,100,9.25,1075712.7210542858
classic,100,9.75,1162987.5610454082
classic,100,10.25,860574.533161372
classic,100,10.75,786098.8160099685
classic,100,11.25,697799.4832234681
classic,100,11.75,900220.3773595095
classic,100,12.25,1089579.6695568562
classic,100,12.75,1220242.2304058075
classic,100,13.25,946517.5689511001
classic,100,13.75,526468.7676232457
classic,100,14.25,191235.9337940514
classic,100,14.75,37835.818088799715
classic,100,15.25,4232.204346477985
classic,200,4.25,346858.55685552955
classic,200,4.75,2428862.8782298565
classic,200,5.25,5083599.951286912
classic,200,5.75,3550611.368317902
classic,200,6.25,3907888.971263826
classic,200,6.75,5516444.314521372
classic,200,7.25,3893083.234114915
classic,200,7.75,4498387.99879843
classic,200,8.25,3925605.3584150076
classic,200,8.75,3990681.4294812083
classic,200,9.25,3657021.6567215323
classic,200,9.75,4173721.8649037182
classic,200,10.25,2852605.5272190273
classic,200,10.75,2571781.048015982
classic,200,11.25,2342986.706868291
classic,200,11.75,2559656.022524923
classic,200,12.25,2325240.2165428996
classic,200,12.75,2276309.6252645254
classic,200,13.25,1765979.2150248885
classic,200,13.75,1172898.1031155288
classic,200,14.25,445327.61710104346
classic,200,14.75,121036.48387110233
classic,200,15.25,18009.50941979885
classic,200,15.75,93.40267880757649
classic,500,4.25,446967.76074406505
classic,500,4.75,4191463.134111762
classic,500,5.25,10280327.550275564
classic,500,5.75,7825559.077220231
classic,500,6.25,8693800.263604105
classic,500,6.75,12813949.57690993
classic,500,7.25,8965404.623340875
classic,500,7.75,9645531.60036388
classic,500,8.25,9124498.248030514
classic,500,8.75,8972087.049678922
classic,500,9.25,8346680.774659544
classic,500,9.75,8984488.607322514
classic,500,10.25,6713937.248364508
classic,500,10.75,6264479.188622057
classic,500,11.25,5179601.507479608
classic,500,11.75,5970609.619789094
classic,500,12.25,5034136.812366575
classic,500,12.75,4493899.574734777
classic,500,13.25,3669818.8227365017
classic,500,13.75,2646155.577148676
classic,500,14.25,1029832.7117493749
classic,500,14.75,265837.45235317945
classic,500,15.25,47044.49840301275
classic,500,15.75,255.8758693933487
classic,1000,4.25,942933.6310810447
classic,1000,4.75,8015617.852685958
classic,1000,5.25,16472728.222116262
classic,1000,5.75,12015390.157096714
classic,1000,6.25,13380064.261674047
classic,1000,6.75,17938993.582998157
classic,1000,7.25,13402405.497993708
classic,1000,7.75,15367569.567067385
classic,1000,8.25,14143254.79106754
classic,1000,8.75,13397312.932764113
classic,1000,9.25,12072001.45977366
classic,1000,9.75,13838949.904317021
classic,1000,10.25,10056635.50118658
classic,1000,10.75,9299334.78162384
classic,1000,11.25,7808838.0417072475
classic,1000,11.75,8528996.792622924
classic,1000,12.25,7904603.035604626
classic,1000,12.75,6668072.088178426
classic,1000,13.25,6285065.098672956
classic,1000,13.75,3961280.5408979356
classic,1000,14.25,1652443.6718499064
classic,1000,14.75,376304.1217419207
classic,1000,15.25,61656.734190404415
classic,1000,15.75,339.98900616168976
hybrid,10,4.25,2729.5366920530796
hybrid,10,4.75,9741.481002688408
hybrid,10,5.25,23283.69987422228
hybrid,10,5.75,31082.18864095211
hybrid,10,6.25,14205.909718513489
hybrid,10,6.75,26025.573942124844
hybrid,10,7.25,14689.128562629223
hybrid,10,7.75,35198.79822331667
hybrid,10,8.25,13644.872800529003
hybrid,10,8.75,34042.88484323025
hybrid,10,9.25,29045.86557328701
hybrid,10,9.75,40627.10885822773
hybrid,10,10.25,30672.18054458499
hybrid,10,10.75,7105.307167470455
hybrid,10,11.25,15278.399589300156
hybrid,10,11.75,11829.258311867714
hybrid,10,12.25,30926.067650675774
hybrid,10,12.75,9158.336948513985
hybrid,10,13.25,12526.30309164524
hybrid,10,13.75,2945.902930378914
hybrid,10,14.25,4980.284676790237
hybrid,10,14.75,348.6699289083481
hybrid,10,15.25,235.96698665618896
hybrid,20,4.25,13543.488596111536
hybrid,20,4.75,73654.99333834648
hybrid,20,5.25,132753.97765347362
hybrid,20,5.75,106558.12116199732
hybrid,20,6.25,75981.71949011087
hybrid,20,6.75,134758.57375648618
hybrid,20,7.25,93147.97309541702
hybrid,20,7.75,167820.32394948602
hybrid,20,8.25,102487.71649360657
hybrid,20,8.75,123715.02844071388
hybrid,20,9.25,81633.92971840501
hybrid,20,9.75,134292.50073844194
hybrid,20,10.25,120534.98130238056
hybrid,20,10.75,50653.99874356389
hybrid,20,11.25,56868.610309779644
hybrid,20,11.75,48945.21811258793
hybrid,20,12.25,86841.78618180752
hybrid,20,12.75,51610.60592600703
hybrid,20,13.25,19013.08631271124
hybrid,20,13.75,10760.104328036308
hybrid,20,14.25,3934.7153067588806
hybrid,20,15.25,92.00457763671875
hybrid,50,4.25,70137.98125648499
hybrid,50,4.75,226472.2373457849
hybrid,50,5.25,432224.46895504
hybrid,50,5.75,373056.1111340523
hybrid,50,6.25,286562.58986234665
hybrid,50,6.75,417608.26463136077
hybrid,50,7.25,299298.4255788326
hybrid,50,7.75,406749.66177779436
hybrid,50,8.25,250805.41529873013
hybrid,50,8.75,394101.83291605115
hybrid,50,9.25,284148.93667811155
hybrid,50,9.75,413055.01960495114
hybrid,50,10.25,316865.3084823787
hybrid,50,10.75,180044.77634978294
hybrid,50,11.25,203155.2139045596
hybrid,50,11.75,201537.11229592562
hybrid,50,12.25,249098.03065761924
hybrid,50,12.75,154290.46836945415
hybrid,50,13.25,95105.83617597818
hybrid,50,13.75,47663.75039732456
hybrid,50,14.25,18228.360336780548
hybrid,50,14.75,752.1047763824463
hybrid,100,4.25,132951.64163705707
hybrid,100,4.75,326556.05351510644
hybrid,100,5.25,581065.831140101
hybrid,100,5.75,574000.1374576688
hybrid,100,6.25,418108.77261582017
hybrid,100,6.75,552321.8349691927
hybrid,100,7.25,462879.43945246935
hybrid,100,7.75,563336.7707363367
hybrid,100,8.25,347767.1526309848
hybrid,100,8.75,645520.6447333097
hybrid,100,9.25,403903.1417595446
hybrid,100,9.75,608701.2405261099
hybrid,100,10.25,476084.3997326493
hybrid,100,10.75,254650.9393067956
hybrid,100,11.25,281669.3460741043
hybrid,100,11.75,280046.4199320078
hybrid,100,12.25,327752.1132094264
hybrid,100,12.75,213705.0195120275
hybrid,100,13.25,145964.81157761812
hybrid,100,13.75,57054.03649157286
hybrid,100,14.25,25647.431835889816
hybrid,100,14.75,656.0423492193222
hybrid,100,15.25,22.01630179087321
hybrid,200,4.25,415330.8157874048
hybrid,200,4.75,894886.8640290201
hybrid,200,5.25,1285764.5492570102
hybrid,200,5.75,1460214.7522656322
hybrid,200,6.25,1094326.7300061882
hybrid,200,6.75,1541035.6184535027
hybrid,200,7.25,1280181.0614656806
hybrid,200,7.75,1357056.6378145814
hybrid,200,8.25,1046729.7473608255
hybrid,200,8.75,1422401.460449338
hybrid,200,9.25,1096093.483082652
hybrid,200,9.75,1558973.895533979
hybrid,200,10.25,1112440.6220364273
hybrid,200,10.75,788423.219022125
hybrid,200,11.25,770430.1440114379
hybrid,200,11.75,777061.0090857148
hybrid,200,12.25,925044.618182838
hybrid,200,12.75,531790.9700957537
hybrid,200,13.25,459484.9974464774
hybrid,200,13.75,219539.3249219656
hybrid,200,14.25,74219.13624894619
hybrid,200,14.75,4635.057556569576
hybrid,200,15.25,497.176495552063
hybrid,500,4.25,759150.2220490277
hybrid,500,4.75,1670037.9657446444
hybrid,500,5.25,2732022.3055821955
hybrid,500,5.75,2672790.4049462676
hybrid,500,6.25,1937580.8670089245
hybrid,500,6.75,3034218.264535725
hybrid,500,7.25,2375346.934188217
hybrid,500,7.75,2835749.9524895847
hybrid,500,8.25,2000636.557433784
hybrid,500,8.75,2748957.4891919196
hybrid,500,9.25,1979185.2324102223
hybrid,500,9.75,3110365.5285912454
hybrid,500,10.25,2694092.660798371
hybrid,500,10.75,1556251.8801611364
hybrid,500,11.25,1631090.4760310054
hybrid,500,11.75,2020316.369232297
hybrid,500,12.25,1831014.775848329
hybrid,500,12.75,1364591.6083329618
hybrid,500,13.25,1220085.9997749329
hybrid,500,13.75,598885.7016296983
hybrid,500,14.25,246241.7304968238
hybrid,500,14.75,17038.179453492165
hybrid,500,15.25,7250.211504340172
hybrid,1000,4.25,1353028.8700996041
hybrid,1000,4.75,2673025.340189427
hybrid,1000,5.25,4801991.75817579
hybrid,1000,5.75,4311232.510990381
hybrid,1000,6.25,3415326.6365841925
hybrid,1000,6.75,5187004.398234934
hybrid,1000,7.25,4034174.5162038803
hybrid,1000,7.75,4332990.479878247
hybrid,1000,8.25,3486797.767001331
hybrid,1000,8.75,3783597.2628338933
hybrid,1000,9.25,3342555.26467669
hybrid,1000,9.75,5441438.7574418485
hybrid,1000,10.25,4226289.729548603
hybrid,1000,10.75,2428950.1651244164
hybrid,1000,11.25,2685307.3882964253
hybrid,1000,11.75,2988385.5133258402
hybrid,1000,12.25,2690126.6276097
hybrid,1000,12.75,2297273.8321985006
hybrid,1000,13.25,2201238.5073361993
hybrid,1000,13.75,1184528.037481159
hybrid,1000,14.25,478677.9014695883
hybrid,1000,14.75,40517.975386977196
hybrid,1000,15.25,10259.21385025978
hybrid,1000,15.75,133.5797928571701
wCleanup,10,4.25,5090.570139884949
wCleanup,10,4.75,22410.293076515198
wCleanup,10,5.25,22699.98013174534
wCleanup,10,5.75,19866.58524298668
wCleanup,10,6.25,39580.97511857748
wCleanup,10,6.75,20417.09351670742
wCleanup,10,7.25,27897.308824896812
wCleanup,10,7.75,24845.892404168844
wCleanup,10,8.25,37459.110908180475
wCleanup,10,8.75,24410.181013524532
wCleanup,10,9.25,75565.70043569803
wCleanup,10,9.75,31848.98328602314
wCleanup,10,10.25,40786.49745604396
wCleanup,10,10.75,15106.636560857296
wCleanup,10,11.25,14721.725157499313
wCleanup,10,11.75,35829.74515515566
wCleanup,10,12.25,47740.41922914982
wCleanup,10,12.75,17359.647057324648
wCleanup,10,13.25,16247.07759898901
wCleanup,10,13.75,5330.499259889126
wCleanup,10,14.25,3578.3020490407944
wCleanup,10,14.75,257.08379673957825
wCleanup,10,15.25,28.364845752716064
wCleanup,20,4.25,14989.2468547225
wCleanup,20,4.75,64337.81067997217
wCleanup,20,5.25,82282.28586223722
wCleanup,20,5.75,76097.82564416528
wCleanup,20,6.25,103470.41028869152
wCleanup,20,6.75,79356.15269765258
wCleanup,20,7.25,81721.70411157608
wCleanup,20,7.75,84265.40685296059
wCleanup,20,8.25,94208.86883288622
wCleanup,20,8.75,72761.79023495317
wCleanup,20,9.25,130838.6700809896
wCleanup,20,9.75,64144.32505005598
wCleanup,20,10.25,77338.08464968204
wCleanup,20,10.75,45517.40965154767
wCleanup,20,11.25,78196.17130857706
wCleanup,20,11.75,72588.75883758068
wCleanup,20,12.25,73892.65336740017
wCleanup,20,12.75,44882.275951087475
wCleanup,20,13.25,38754.061832726
wCleanup,20,13.75,13965.692752361298
wCleanup,20,14.25,6933.833186030388
wCleanup,20,14.75,881.8359894752502
wCleanup,20,15.25,65.04645919799805
wCleanup,50,4.25,73614.94396436214
wCleanup,50,4.75,261981.4541181624
wCleanup,50,5.25,347386.8721832931
wCleanup,50,5.75,354267.1870505214
wCleanup,50,6.25,465206.54984652996
wCleanup,50,6.75,388282.51651376486
wCleanup,50,7.25,367964.587675333
wCleanup,50,7.75,352763.95871794224
wCleanup,50,8.25,349171.9602601528
wCleanup,50,8.75,349317.46731457114
wCleanup,50,9.25,523041.30789870024
wCleanup,50,9.75,340954.1785980463
wCleanup,50,10.25,331705.66039416194
wCleanup,50,10.75,262749.65633299947
wCleanup,50,11.25,325096.1770066023
wCleanup,50,11.75,370158.5692332983
wCleanup,50,12.25,318949.306355536
wCleanup,50,12.75,236571.3727851212
wCleanup,50,13.25,233946.58287858963
wCleanup,50,13.75,107372.12536776066
wCleanup,50,14.25,50287.08797287941
wCleanup,50,14.75,8455.232931137085
wCleanup,50,15.25,1226.2860960364342
wCleanup,100,4.25,163969.36953866482
wCleanup,100,4.75,470174.0004581213
wCleanup,100,5.25,679609.814832896
wCleanup,100,5.75,681914.245428741
wCleanup,100,6.25,847817.9666112065
wCleanup,100,6.75,855962.158917278
wCleanup,100,7.25,834206.2324441075
wCleanup,100,7.75,824925.3095371127
wCleanup,100,8.25,690936.1689236462
wCleanup,100,8.75,777206.4909068346
wCleanup,100,9.25,897185.5940018296
wCleanup,100,9.75,964491.090665102
wCleanup,100,10.25,554421.0084903538
wCleanup,100,10.75,607825.8569414318
wCleanup,100,11.25,635446.7409847975
wCleanup,100,11.75,751466.3211864233
wCleanup,100,12.25,696383.326607585
wCleanup,100,12.75,458589.8427298069
wCleanup,100,13.25,455748.99892634153
wCleanup,100,13.75,229691.11879074574
wCleanup,100,14.25,79769.39420068264
wCleanup,100,14.75,12764.645153522491
wCleanup,100,15.25,2304.254777431488
wCleanup,100,15.75,59.01141866048177
wCleanup,200,4.25,502910.7246429324
wCleanup,200,4.75,1417811.180751741
wCleanup,200,5.25,2064668.0011321008
wCleanup,200,5.75,2051374.6252218783
wCleanup,200,6.25,2214696.823329389
wCleanup,200,6.75,2567246.026243925
wCleanup,200,7.25,2139860.3764257133
wCleanup,200,7.75,2121507.956905216
wCleanup,200,8.25,2064713.5571392179
wCleanup,200,8.75,2172249.371209651
wCleanup,200,9.25,2521012.5300765634
wCleanup,200,9.75,2499069.149925947
wCleanup,200,10.25,1782338.5717606843
wCleanup,200,10.75,2064837.1680288613
wCleanup,200,11.25,1990481.5605382025
wCleanup,200,11.75,2484245.8276956677
wCleanup,200,12.25,2290373.9281942546
wCleanup,200,12.75,1507643.5859104395
wCleanup,200,13.25,1659978.2438382208
wCleanup,200,13.75,893431.6366286278
wCleanup,200,14.25,463571.47084510326
wCleanup,200,14.75,100101.55205994844
wCleanup,200,15.25,15126.009249448776
wCleanup,200,15.75,346.93803119659424
wCleanup,500,4.25,1362674.2925812602
wCleanup,500,4.75,3359159.7634912133
wCleanup,500,5.25,4896427.45573175
wCleanup,500,5.75,4948035.397963941
wCleanup,500,6.25,5260136.5444536805
wCleanup,500,6.75,5917163.283784628
wCleanup,500,7.25,4894972.454046875
wCleanup,500,7.75,5462299.038808525
wCleanup,500,8.25,5039865.83736971
wCleanup,500,8.75,4640819.402202308
wCleanup,500,9.25,5130538.653157175
wCleanup,500,9.75,5312331.690961629
wCleanup,500,10.25,4638018.91256696
wCleanup,500,10.75,4397751.042626798
wCleanup,500,11.25,4932332.733872771
wCleanup,500,11.75,5482004.264641613
wCleanup,500,12.25,5117780.758106977
wCleanup,500,12.75,4078285.8215684593
wCleanup,500,13.25,4327567.886754274
wCleanup,500,13.75,2810364.971308559
wCleanup,500,14.25,1113348.1830561757
wCleanup,500,14.75,276095.27017349005
wCleanup,500,15.25,36351.873596191406
wCleanup,500,15.75,31.317732810974128
wCleanup,1000,4.25,3385706.5719707906
wCleanup,1000,4.75,8063418.425560713
wCleanup,1000,5.25,12593401.464734763
wCleanup,1000,5.75,12856125.478242636
wCleanup,1000,6.25,11379784.299797177
wCleanup,1000,6.75,15343805.234703898
wCleanup,1000,7.25,10658640.600601435
wCleanup,1000,7.75,12093736.841827065
wCleanup,1000,8.25,11984079.801147193
wCleanup,1000,8.75,11875717.846450686
wCleanup,1000,9.25,11762632.120326519
wCleanup,1000,9.75,15174581.413166523
wCleanup,1000,10.25,12209256.973490179
wCleanup,1000,10.75,10666701.966751993
wCleanup,1000,11.25,11306267.518675148
wCleanup,1000,11.75,12666484.341242194
wCleanup,1000,12.25,11287108.54862231
wCleanup,1000,12.75,8599572.095699042
wCleanup,1000,13.25,9514781.048773825
wCleanup,1000,13.75,6258038.932622403
wCleanup,1000,14.25,2658868.2725695074
wCleanup,1000,14.75,893621.3440105319
wCleanup,1000,15.25,102534.96159172058
wCleanup,1000,15.75,232.19420766830444
woCleanup,10,4.25,19014.066903203726
woCleanup,10,4.75,76625.4598454237
woCleanup,10,5.25,89237.16429451108
woCleanup,10,5.75,95977.17636352777
woCleanup,10,6.25,95053.37831449509
woCleanup,10,6.75,84249.61408880353
woCleanup,10,7.25,120861.84872591496
woCleanup,10,7.75,91207.36141908169
woCleanup,10,8.25,111267.77704104781
woCleanup,10,8.75,69760.25376862288
woCleanup,10,9.25,133208.25830993056
woCleanup,10,9.75,176771.01756364107
woCleanup,10,10.25,60157.4365542531
woCleanup,10,10.75,56604.99393573403
woCleanup,10,11.25,49594.55095240474
woCleanup,10,11.75,64664.833470612764
woCleanup,10,12.25,109816.75891321898
woCleanup,10,12.75,38137.10756790638
woCleanup,10,13.25,43306.64091002941
woCleanup,10,13.75,19372.953238725662
woCleanup,10,14.25,18786.41767027974
woCleanup,10,14.75,1626.5303974151611
woCleanup,10,15.25,512.9861402511597
woCleanup,20,4.25,59476.962049394846
woCleanup,20,4.75,251387.31795957685
woCleanup,20,5.25,250407.14030748606
woCleanup,20,5.75,278506.04041981697
woCleanup,20,6.25,292421.4241040647
woCleanup,20,6.75,272341.00711247325
woCleanup,20,7.25,327491.60861864686
woCleanup,20,7.75,257794.06111618876
woCleanup,20,8.25,315316.7586414814
woCleanup,20,8.75,232354.95447319746
woCleanup,20,9.25,329235.43178361654
woCleanup,20,9.75,349941.418741107
woCleanup,20,10.25,195916.3189110756
woCleanup,20,10.75,199717.54413169622
woCleanup,20,11.25,172735.40959733725
woCleanup,20,11.75,203477.60080105066
woCleanup,20,12.25,246295.19190731645
woCleanup,20,12.75,159117.0275453329
woCleanup,20,13.25,147823.24907946587
woCleanup,20,13.75,88962.87697863579
woCleanup,20,14.25,60397.27733147144
woCleanup,20,14.75,8358.060214042664
woCleanup,20,15.25,2153.9378638267517
woCleanup,50,4.25,199179.52203792334
woCleanup,50,4.75,768490.1641921103
woCleanup,50,5.25,826004.1555328965
woCleanup,50,5.75,842953.5944678783
woCleanup,50,6.25,789122.1423547566
woCleanup,50,6.75,946619.3476013839
woCleanup,50,7.25,909144.9542454779
woCleanup,50,7.75,855058.4995237887
woCleanup,50,8.25,788659.3502644598
woCleanup,50,8.75,810598.8965284228
woCleanup,50,9.25,950365.5998845696
woCleanup,50,9.75,1152379.8383083045
woCleanup,50,10.25,650976.294134438
woCleanup,50,10.75,656471.9894146323
woCleanup,50,11.25,614125.8568528593
woCleanup,50,11.75,662925.0870839953
woCleanup,50,12.25,817099.9962021708
woCleanup,50,12.75,483180.3223491907
woCleanup,50,13.25,529806.6343957782
woCleanup,50,13.75,319323.0313526392
woCleanup,50,14.25,182786.83235263824
woCleanup,50,14.75,34656.04578793049
woCleanup,50,15.25,13244.181223392487
woCleanup,100,4.25,511901.87072339654
woCleanup,100,4.75,1830987.901637882
woCleanup,100,5.25,1887421.963324815
woCleanup,100,5.75,2109416.8541859984
woCleanup,100,6.25,1931561.1029435396
woCleanup,100,6.75,2424849.6377589107
woCleanup,100,7.25,2097564.2515369058
woCleanup,100,7.75,1805028.3129096925
woCleanup,100,8.25,1896595.025143683
woCleanup,100,8.75,1840677.7418191135
woCleanup,100,9.25,1785409.628644228
woCleanup,100,9.75,2267358.2524832487
woCleanup,100,10.25,1516783.7338905334
woCleanup,100,10.75,1411032.595400542
woCleanup,100,11.25,1469409.4408687055
woCleanup,100,11.75,1633558.3340950608
woCleanup,100,12.25,1588119.4532640576
woCleanup,100,12.75,1252711.6899401546
woCleanup,100,13.25,1225419.6132845879
woCleanup,100,13.75,791564.6013221145
woCleanup,100,14.25,454146.11649525166
woCleanup,100,14.75,105170.61994820833
woCleanup,100,15.25,36782.972398757935
woCleanup,100,15.75,135.84563446044922
woCleanup,200,4.25,1046987.3900181055
woCleanup,200,4.75,3375243.828228265
woCleanup,200,5.25,4502518.444884628
woCleanup,200,5.75,3965387.7074173987
woCleanup,200,6.25,3907174.33809641
woCleanup,200,6.75,5268295.872621298
woCleanup,200,7.25,4172390.4562923014
woCleanup,200,7.75,4136273.4854204655
woCleanup,200,8.25,3806613.811796963
woCleanup,200,8.75,3689216.2065151036
woCleanup,200,9.25,3519393.9278103113
woCleanup,200,9.75,4732986.803867519
woCleanup,200,10.25,3123869.9931699038
woCleanup,200,10.75,3329612.742638588
woCleanup,200,11.25,3160887.253463745
woCleanup,200,11.75,3294334.470114231
woCleanup,200,12.25,3273628.9400464296
woCleanup,200,12.75,2530700.193303138
woCleanup,200,13.25,2517890.8124099374
woCleanup,200,13.75,1887938.124346733
woCleanup,200,14.25,816733.7366611063
woCleanup,200,14.75,237833.93527793884
woCleanup,200,15.25,67521.75031504035
woCleanup,200,15.75,147.76080334186554
woCleanup,500,4.25,2698292.459507793
woCleanup,500,4.75,6477504.077095717
woCleanup,500,5.25,10244736.693961263
woCleanup,500,5.75,10944498.705148607
woCleanup,500,6.25,9071788.726556778
woCleanup,500,6.75,12231339.973090917
woCleanup,500,7.25,9713970.481099486
woCleanup,500,7.75,10189423.230659336
woCleanup,500,8.25,9186906.532093942
woCleanup,500,8.75,8785631.269835025
woCleanup,500,9.25,7342811.063758433
woCleanup,500,9.75,11955731.684155315
woCleanup,500,10.25,7622087.38893497
woCleanup,500,10.75,7726863.369407296
woCleanup,500,11.25,8027147.794277132
woCleanup,500,11.75,8177178.236589342
woCleanup,500,12.25,7245778.905705988
woCleanup,500,12.75,6744741.244463742
woCleanup,500,13.25,6838688.801833332
woCleanup,500,13.75,4794628.75813365
woCleanup,500,14.25,2597798.7587328255
woCleanup,500,14.75,818077.1556398869
woCleanup,500,15.25,194128.2596064806
woCleanup,500,15.75,1422.646591424942
woCleanup,1000,4.25,4475204.220309734
woCleanup,1000,4.75,7589326.940030843
woCleanup,1000,5.25,12319242.38471827
woCleanup,1000,5.75,15002180.906967342
woCleanup,1000,6.25,12525416.678043425
woCleanup,1000,6.75,15857654.904476851
woCleanup,1000,7.25,12460445.7171731
woCleanup,1000,7.75,11321285.588234067
woCleanup,1000,8.25,11443682.814139754
woCleanup,1000,8.75,10635519.162837833
woCleanup,1000,9.25,9378228.210619777
woCleanup,1000,9.75,13936622.035146058
woCleanup,1000,10.25,8300764.318986386
woCleanup,1000,10.75,8870250.097037941
woCleanup,1000,11.25,10080260.255532563
woCleanup,1000,11.75,8022441.112892568
woCleanup,1000,12.25,8259854.233205467
woCleanup,1000,12.75,7068527.150224686
woCleanup,1000,13.25,7891433.591086566
woCleanup,1000,13.75,4170047.720671773
woCleanup,1000,14.25,2447710.6597776413
woCleanup,1000,14.75,877058.0494288206
woCleanup,1000,15.25,254118.87412250042
woCleanup,1000,15.75,1262.283552825451
